{
  "mae": 3.003764631574536,
  "rmse": 4.542398506929278,
  "r2_score": 0.9394117941109517
}